HeizmannHoenickeLeikePodelski-ATVA2013-Fig5_termination_Query88.smt2,
sat
0
Problem14_label10_termination_Query5.smt2,
sat
200
aws_hash_table_init_bounded_harness_reach_Query184.smt2,
6000
bAnd2_reach_Query201.smt2,
6000
cstrlen_diffterm_alloca_termination_Query404.smt2,
sat
700
minepump_spec5_product38.cil_reach_Query202.smt2,
sat
800
phases_2-2_termination_Query233.smt2,
sat
2400
trex02-1_reach_Query57.smt2,
unsat
0
up_reach_Query33.smt2,
unsat
0
while_infinite_loop_3_reach_Query1047.smt2,
sat
0
